{
    "kpis": {
        "total_customers": 96096,
        "repeat_rate": 3.1187562437562435,
        "top_state": "SP",
        "top_state_count": 40302,
        "top_category": "health_beauty",
        "top_category_revenue": 1441248.07,
        "highest_avg_price_category": "computers",
        "highest_avg_price": 1098.3405418719212,
        "total_revenue": 15843553.24,
        "total_orders": 98666,
        "avg_order_value": 160.57763809214927,
        "credit_card_share": 73.92237645110987,
        "avg_payment_value": 154.10038041699556,
        "avg_cc_installments": 3.507155413763917,
        "avg_delivery_time": 12.094085575687217,
        "late_delivery_rate": 6.773705377503212
    },
    "charts": {
        "states": {
            "labels": [
                "SP",
                "RJ",
                "MG",
                "RS",
                "PR",
                "SC",
                "BA",
                "DF",
                "ES",
                "GO"
            ],
            "values": [
                40302,
                12384,
                11259,
                5277,
                4882,
                3534,
                3277,
                2075,
                1964,
                1952
            ]
        },
        "categories": {
            "labels": [
                "health_beauty",
                "watches_gifts",
                "bed_bath_table",
                "sports_leisure",
                "computers_accessories",
                "furniture_decor",
                "housewares",
                "cool_stuff",
                "auto",
                "garden_tools"
            ],
            "values": [
                1441248.07,
                1305541.61,
                1241681.72,
                1156656.48,
                1059272.4,
                902511.79,
                778397.77,
                719329.95,
                685384.32,
                584219.21
            ]
        },
        "monthly_revenue": {
            "labels": [
                "2017-01",
                "2017-02",
                "2017-03",
                "2017-04",
                "2017-05",
                "2017-06",
                "2017-07",
                "2017-08",
                "2017-09",
                "2017-10",
                "2017-11",
                "2017-12",
                "2018-01",
                "2018-02",
                "2018-03",
                "2018-04",
                "2018-05",
                "2018-06",
                "2018-07",
                "2018-08"
            ],
            "values": [
                137188.49,
                286280.62,
                432048.59,
                412422.24,
                586190.95,
                502963.04,
                584971.62,
                668204.6,
                720398.91,
                769312.37,
                1179143.77,
                863547.23,
                1107301.89,
                986908.96,
                1155126.82,
                1159698.04,
                1149781.82,
                1022677.11,
                1058728.03,
                1003308.47
            ]
        },
        "payment_types": {
            "labels": [
                "credit_card",
                "boleto",
                "voucher",
                "debit_card",
                "not_defined"
            ],
            "values": [
                76795,
                19784,
                5775,
                1529,
                3
            ]
        },
        "delivery_times": {
            "labels": [
                "0-2",
                "2-4",
                "4-6",
                "6-8",
                "8-10",
                "10-12",
                "12-14",
                "14-16",
                "16-18",
                "18-20",
                "20-22",
                "22-24",
                "24-26",
                "26-28",
                "28-30",
                "30-32",
                "32-34",
                "34-36",
                "36-38",
                "38-40"
            ],
            "values": [
                1585,
                7017,
                10638,
                14458,
                12784,
                10730,
                9049,
                7005,
                4993,
                3991,
                3215,
                2279,
                1751,
                1370,
                1058,
                806,
                652,
                579,
                429,
                473
            ]
        }
    }
}